,Date,Open,High,Low,Close,Adj Close,Volume,date,long_MA,short_MA,crosszero,position,sell,buy
0,2022-01-03,29.200000762939453,29.450000762939453,29.0,29.0,26.569395065307617,5518908,2022-01-03,,,0.0,,,
1,2022-01-04,29.049999237060547,29.149999618530273,29.0,29.100000381469727,26.661014556884766,4729627,2022-01-04,,,0.0,,,
2,2022-01-05,29.049999237060547,29.200000762939453,29.049999237060547,29.049999237060547,26.615203857421875,6319697,2022-01-05,,,0.0,,,
3,2022-01-06,29.049999237060547,29.100000381469727,28.899999618530273,28.950000762939453,26.52358627319336,7990416,2022-01-06,,,0.0,0.0,,
4,2022-01-07,29.0,29.25,28.950000762939453,29.049999237060547,26.615203857421875,7017867,2022-01-07,29.029999923706054,,0.0,0.0,,
5,2022-01-10,29.25,29.450000762939453,29.049999237060547,29.100000381469727,26.661014556884766,9950059,2022-01-10,29.05,,0.0,0.0,,
6,2022-01-11,29.25,29.350000381469727,29.100000381469727,29.350000381469727,26.890060424804688,17373676,2022-01-11,29.1,,0.0,0.0,,
7,2022-01-12,29.450000762939453,29.799999237060547,29.399999618530273,29.75,27.256534576416016,20982244,2022-01-12,29.24000015258789,,0.0,0.0,,
8,2022-01-13,29.799999237060547,30.100000381469727,29.450000762939453,30.0,27.485580444335938,19095790,2022-01-13,29.45,,0.0,0.0,,
9,2022-01-14,29.899999618530273,29.899999618530273,29.600000381469727,29.850000381469727,27.348154067993164,10552198,2022-01-14,29.610000228881837,,0.0,0.0,,
10,2022-01-17,29.899999618530273,30.200000762939453,29.850000381469727,30.149999618530273,27.623008728027344,15433954,2022-01-17,29.820000076293944,,0.0,0.0,,
11,2022-01-18,30.149999618530273,30.299999237060547,29.899999618530273,30.0,27.485580444335938,12228425,2022-01-18,29.95,,0.0,0.0,,
12,2022-01-19,30.200000762939453,31.399999618530273,30.049999237060547,30.950000762939453,28.355958938598633,68878109,2022-01-19,30.190000152587892,,0.0,0.0,,
13,2022-01-20,31.0,31.5,30.899999618530273,31.5,28.859859466552734,39671771,2022-01-20,30.49000015258789,,0.0,0.0,,
14,2022-01-21,31.399999618530273,31.399999618530273,30.899999618530273,31.25,28.630813598632812,23930769,2022-01-21,30.770000076293947,,0.0,0.0,,
15,2022-01-24,31.049999237060547,31.5,30.549999237060547,31.450000762939453,28.814050674438477,31095303,2022-01-24,31.030000305175783,,0.0,0.0,,
16,2022-01-25,31.200000762939453,31.600000381469727,31.049999237060547,31.600000381469727,28.951478958129883,29624844,2022-01-25,31.350000381469727,,0.0,0.0,,
17,2022-01-26,31.549999237060547,31.600000381469727,31.200000762939453,31.350000381469727,28.72243309020996,18293610,2022-01-26,31.43000030517578,,0.0,0.0,,
18,2022-02-07,31.350000381469727,31.649999618530273,31.149999618530273,31.600000381469727,28.951478958129883,17580152,2022-02-07,31.450000381469728,,0.0,0.0,,
19,2022-02-08,31.700000762939453,32.0,31.600000381469727,32.0,29.31795310974121,22697172,2022-02-08,31.600000381469727,30.252500152587892,1.0,1.0,32.0,
20,2022-02-09,32.150001525878906,32.29999923706055,31.600000381469727,32.0,29.31795310974121,24312426,2022-02-09,31.710000228881835,30.40250015258789,1.0,1.0,32.0,
21,2022-02-10,30.5,30.950000762939453,30.200000762939453,30.799999237060547,28.218528747558594,44628807,2022-02-10,31.55,30.48750009536743,1.0,1.0,30.8,
22,2022-02-11,30.700000762939453,31.049999237060547,30.549999237060547,31.0,28.40176773071289,16996507,2022-02-11,31.479999923706053,30.585000133514406,1.0,0.0,,
23,2022-02-14,30.75,30.799999237060547,30.299999237060547,30.299999237060547,27.76043701171875,15489471,2022-02-14,31.219999694824217,30.652500057220458,1.0,0.0,,
24,2022-02-15,30.299999237060547,30.75,30.0,30.649999618530273,28.08110237121582,22870464,2022-02-15,30.949999618530274,30.732500076293945,1.0,0.0,,
25,2022-02-16,30.649999618530273,30.649999618530273,30.25,30.399999618530273,27.852054595947266,15511738,2022-02-16,30.629999542236327,30.79750003814697,0.0,-1.0,,30.4
26,2022-02-17,30.399999618530273,30.649999618530273,30.399999618530273,30.600000381469727,28.035293579101562,8187085,2022-02-17,30.589999771118165,30.86000003814697,0.0,-1.0,,30.6
27,2022-02-18,30.399999618530273,30.649999618530273,30.200000762939453,30.299999237060547,27.76043701171875,20203699,2022-02-18,30.449999618530274,30.8875,0.0,-1.0,,30.3
28,2022-02-21,30.149999618530273,30.399999618530273,30.049999237060547,30.299999237060547,27.76043701171875,16656989,2022-02-21,30.449999618530274,30.902499961853028,0.0,0.0,,
29,2022-02-22,30.299999237060547,30.299999237060547,30.049999237060547,30.25,27.714628219604492,21298852,2022-02-22,30.36999969482422,30.92249994277954,0.0,0.0,,
30,2022-02-23,30.200000762939453,30.299999237060547,29.850000381469727,30.0,27.485580444335938,27823297,2022-02-23,30.289999771118165,30.914999961853027,0.0,0.0,,
31,2022-02-24,29.899999618530273,29.899999618530273,29.049999237060547,29.25,26.79844093322754,55529204,2022-02-24,30.019999694824218,30.877499961853026,0.0,0.0,,
32,2022-02-25,29.299999237060547,29.75,29.100000381469727,29.399999618530273,26.935869216918945,278711026,2022-02-25,29.839999771118165,30.799999904632568,0.0,0.0,,
33,2022-03-01,29.0,29.799999237060547,29.0,29.350000381469727,26.890060424804688,38961578,2022-03-01,29.65,30.692499923706055,0.0,0.0,,
34,2022-03-02,29.200000762939453,29.5,29.200000762939453,29.350000381469727,26.890060424804688,24419240,2022-03-02,29.470000076293946,30.597499942779542,0.0,0.0,,
35,2022-03-03,29.450000762939453,29.600000381469727,29.350000381469727,29.5,27.027488708496094,18918828,2022-03-03,29.370000076293945,30.499999904632567,0.0,0.0,,
36,2022-03-04,29.399999618530273,29.600000381469727,29.200000762939453,29.5,27.027488708496094,14255438,2022-03-04,29.420000076293945,30.39499988555908,0.0,0.0,,
37,2022-03-07,29.299999237060547,29.350000381469727,28.899999618530273,28.899999618530273,26.47777557373047,24320119,2022-03-07,29.320000076293944,30.27249984741211,0.0,0.0,,
38,2022-03-08,28.899999618530273,29.25,28.75,28.950000762939453,26.52358627319336,13560902,2022-03-08,29.24000015258789,30.139999866485596,0.0,0.0,,
39,2022-03-09,29.0,29.100000381469727,28.799999237060547,28.799999237060547,26.386157989501953,18671233,2022-03-09,29.129999923706055,29.979999828338624,0.0,0.0,,
40,2022-03-10,29.0,29.450000762939453,29.0,29.450000762939453,26.981679916381836,9228372,2022-03-10,29.120000076293945,29.852499866485594,0.0,0.0,,
41,2022-03-11,29.450000762939453,29.549999237060547,29.25,29.5,27.027488708496094,6021882,2022-03-11,29.120000076293945,29.78749990463257,0.0,0.0,,
42,2022-03-14,29.5,29.799999237060547,29.350000381469727,29.649999618530273,27.164915084838867,7227055,2022-03-14,29.270000076293947,29.719999885559083,0.0,0.0,,
43,2022-03-15,29.649999618530273,29.799999237060547,29.299999237060547,29.350000381469727,26.890060424804688,8231183,2022-03-15,29.35,29.67249994277954,0.0,0.0,,
44,2022-03-16,29.350000381469727,29.5,29.149999618530273,29.5,27.027488708496094,10127468,2022-03-16,29.49000015258789,29.614999961853027,0.0,0.0,,
45,2022-03-17,29.75,29.850000381469727,29.5,29.600000381469727,27.11910629272461,15803381,2022-03-17,29.520000076293947,29.575,0.0,0.0,,
46,2022-03-18,29.600000381469727,29.799999237060547,29.399999618530273,29.75,27.256534576416016,12344362,2022-03-18,29.570000076293944,29.532499980926513,1.0,1.0,29.75,
47,2022-03-21,29.899999618530273,30.149999618530273,29.850000381469727,30.049999237060547,27.531389236450195,15279343,2022-03-21,29.65,29.519999980926514,1.0,1.0,30.05,
48,2022-03-22,30.049999237060547,30.200000762939453,29.950000762939453,30.0,27.485580444335938,11962522,2022-03-22,29.779999923706054,29.505000019073485,1.0,1.0,30.0,
49,2022-03-23,30.100000381469727,30.200000762939453,29.700000762939453,29.799999237060547,27.302343368530273,13587714,2022-03-23,29.839999771118165,29.482499980926512,1.0,0.0,,
50,2022-03-24,29.75,29.799999237060547,29.5,29.700000762939453,27.210725784301758,10860290,2022-03-24,29.85999984741211,29.467500019073487,1.0,0.0,,
51,2022-03-25,29.700000762939453,30.0,29.700000762939453,29.850000381469727,27.348154067993164,7972158,2022-03-25,29.879999923706055,29.497500038146974,1.0,0.0,,
52,2022-03-28,29.799999237060547,30.0,29.600000381469727,29.950000762939453,27.43977165222168,6429369,2022-03-28,29.860000228881837,29.52500009536743,1.0,0.0,,
53,2022-03-29,29.950000762939453,29.950000762939453,29.75,29.799999237060547,27.302343368530273,5324092,2022-03-29,29.820000076293944,29.54750003814697,1.0,0.0,,
54,2022-03-30,29.950000762939453,30.0,29.799999237060547,29.850000381469727,27.348154067993164,9174666,2022-03-30,29.83000030517578,29.572500038146973,1.0,0.0,,
55,2022-03-31,29.950000762939453,30.100000381469727,29.75,29.75,27.256534576416016,12187902,2022-03-31,29.84000015258789,29.585000038146973,1.0,0.0,,
56,2022-04-01,29.75,29.899999618530273,29.649999618530273,29.899999618530273,27.393962860107422,4581398,2022-04-01,29.85,29.605000019073486,1.0,0.0,,
57,2022-04-06,29.899999618530273,30.0,29.75,29.799999237060547,27.302343368530273,5600528,2022-04-06,29.81999969482422,29.65,1.0,0.0,,
58,2022-04-07,29.75,29.75,29.25,29.25,26.79844093322754,13401044,2022-04-07,29.70999984741211,29.664999961853027,1.0,0.0,,
59,2022-04-08,29.299999237060547,29.399999618530273,29.049999237060547,29.149999618530273,26.706823348999023,8846732,2022-04-08,29.56999969482422,29.682499980926515,0.0,-1.0,,29.15
60,2022-04-11,29.299999237060547,29.5,29.049999237060547,29.049999237060547,26.615203857421875,8647769,2022-04-11,29.429999542236327,29.66249990463257,0.0,-1.0,,29.05
61,2022-04-12,29.049999237060547,29.200000762939453,29.0,29.0,26.569395065307617,7040437,2022-04-12,29.249999618530275,29.63749990463257,0.0,-1.0,,29.0
62,2022-04-13,29.299999237060547,29.399999618530273,29.100000381469727,29.399999618530273,26.935869216918945,6156842,2022-04-13,29.16999969482422,29.624999904632567,0.0,0.0,,
63,2022-04-14,29.5,29.549999237060547,29.399999618530273,29.5,27.027488708496094,3783753,2022-04-14,29.219999694824217,29.63249988555908,0.0,0.0,,
64,2022-04-15,29.450000762939453,29.450000762939453,29.25,29.399999618530273,26.935869216918945,4563856,2022-04-15,29.269999694824218,29.627499866485596,0.0,0.0,,
65,2022-04-18,29.25,29.399999618530273,29.100000381469727,29.350000381469727,26.890060424804688,5557625,2022-04-18,29.329999923706055,29.614999866485597,0.0,0.0,,
66,2022-04-19,29.350000381469727,29.549999237060547,29.25,29.25,26.79844093322754,5569416,2022-04-19,29.379999923706055,29.589999866485595,0.0,0.0,,
67,2022-04-20,29.350000381469727,29.399999618530273,29.149999618530273,29.149999618530273,26.706823348999023,7769034,2022-04-20,29.329999923706055,29.544999885559083,0.0,0.0,,
68,2022-04-21,29.450000762939453,29.450000762939453,29.200000762939453,29.299999237060547,26.844249725341797,4376979,2022-04-21,29.289999771118165,29.50999984741211,0.0,0.0,,
69,2022-04-22,29.200000762939453,29.25,29.049999237060547,29.100000381469727,26.661014556884766,7545782,2022-04-22,29.229999923706053,29.47499990463257,0.0,0.0,,
70,2022-04-25,28.950000762939453,28.950000762939453,28.5,28.600000381469727,26.20292091369629,18722607,2022-04-25,29.079999923706055,29.419999885559083,0.0,0.0,,
71,2022-04-26,28.700000762939453,28.950000762939453,28.600000381469727,28.850000381469727,26.43196678161621,8584102,2022-04-26,29.0,29.369999885559082,0.0,0.0,,
72,2022-04-27,28.600000381469727,28.649999618530273,28.200000762939453,28.25,25.88225555419922,15141628,2022-04-27,28.820000076293944,29.28499984741211,0.0,0.0,,
73,2022-04-28,28.25,28.549999237060547,28.100000381469727,28.399999618530273,26.019683837890625,11046744,2022-04-28,28.64000015258789,29.214999866485595,0.0,0.0,,
74,2022-04-29,28.5,28.600000381469727,28.399999618530273,28.5,26.11130142211914,6604319,2022-04-29,28.520000076293947,29.14749984741211,0.0,0.0,,
75,2022-05-03,28.5,28.649999618530273,28.299999237060547,28.649999618530273,26.248729705810547,7270365,2022-05-03,28.529999923706054,29.092499828338624,0.0,0.0,,
76,2022-05-04,28.649999618530273,28.799999237060547,28.649999618530273,28.799999237060547,26.386157989501953,3201923,2022-05-04,28.519999694824218,29.037499809265135,0.0,0.0,,
77,2022-05-05,28.950000762939453,29.149999618530273,28.899999618530273,29.149999618530273,26.706823348999023,5986748,2022-05-05,28.699999618530274,29.004999828338622,0.0,0.0,,
78,2022-05-06,28.799999237060547,29.049999237060547,28.700000762939453,29.049999237060547,26.615203857421875,6712665,2022-05-06,28.82999954223633,28.99499979019165,0.0,0.0,,
79,2022-05-09,28.149999618530273,28.200000762939453,27.549999237060547,27.700000762939453,25.378353118896484,22783126,2022-05-09,28.66999969482422,28.92249984741211,0.0,0.0,,
80,2022-05-10,27.299999237060547,27.549999237060547,26.899999618530273,27.399999618530273,25.103496551513672,19224642,2022-05-10,28.41999969482422,28.839999866485595,0.0,0.0,,
81,2022-05-11,27.299999237060547,27.450000762939453,27.200000762939453,27.299999237060547,25.011878967285156,7295099,2022-05-11,28.11999969482422,28.754999828338622,0.0,0.0,,
82,2022-05-12,27.200000762939453,27.299999237060547,27.0,27.0,24.737022399902344,9739274,2022-05-12,27.689999771118163,28.63499984741211,0.0,0.0,,
83,2022-05-13,27.149999618530273,27.25,26.950000762939453,27.149999618530273,24.87445068359375,8294267,2022-05-13,27.309999847412108,28.51749982833862,0.0,0.0,,
84,2022-05-16,27.149999618530273,27.850000381469727,27.149999618530273,27.600000381469727,25.28673553466797,6991373,2022-05-16,27.289999771118165,28.427499866485597,0.0,0.0,,
85,2022-05-17,27.899999618530273,27.950000762939453,27.649999618530273,27.850000381469727,25.51578140258789,5217414,2022-05-17,27.379999923706055,28.352499866485594,0.0,0.0,,
86,2022-05-18,27.75,28.149999618530273,27.75,27.850000381469727,25.51578140258789,6995944,2022-05-18,27.49000015258789,28.282499885559083,0.0,0.0,,
87,2022-05-19,27.75,28.100000381469727,27.5,28.049999237060547,25.699018478393555,9339913,2022-05-19,27.7,28.227499866485594,0.0,0.0,,
88,2022-05-20,28.0,28.0,27.700000762939453,27.799999237060547,25.469970703125,7009389,2022-05-20,27.829999923706055,28.152499866485595,0.0,0.0,,
89,2022-05-23,27.549999237060547,27.799999237060547,27.5,27.600000381469727,25.28673553466797,6230980,2022-05-23,27.829999923706055,28.077499866485596,0.0,0.0,,
90,2022-05-24,27.5,27.600000381469727,27.299999237060547,27.299999237060547,25.011878967285156,6200963,2022-05-24,27.719999694824217,28.012499809265137,0.0,0.0,,
91,2022-05-25,27.350000381469727,27.5,27.200000762939453,27.25,24.9660701751709,6591642,2022-05-25,27.599999618530273,27.93249979019165,0.0,0.0,,
92,2022-05-26,27.450000762939453,27.600000381469727,27.299999237060547,27.350000381469727,25.057687759399414,6516590,2022-05-26,27.45999984741211,27.887499809265137,0.0,0.0,,
93,2022-05-27,27.5,27.899999618530273,27.450000762939453,27.649999618530273,25.332544326782227,6445048,2022-05-27,27.429999923706056,27.849999809265135,0.0,0.0,,
94,2022-05-30,27.950000762939453,28.299999237060547,27.899999618530273,28.200000762939453,25.83644676208496,6418360,2022-05-30,27.55,27.83499984741211,0.0,0.0,,
95,2022-05-31,28.200000762939453,28.600000381469727,28.0,28.399999618530273,26.019683837890625,9577121,2022-05-31,27.770000076293947,27.82249984741211,0.0,0.0,,
96,2022-06-01,28.649999618530273,28.799999237060547,28.5,28.600000381469727,26.20292091369629,5295655,2022-06-01,28.04000015258789,27.812499904632567,1.0,1.0,28.6,
97,2022-06-02,28.450000762939453,28.850000381469727,28.299999237060547,28.799999237060547,26.386157989501953,6241108,2022-06-02,28.329999923706055,27.794999885559083,1.0,1.0,28.8,
98,2022-06-06,28.799999237060547,28.799999237060547,28.549999237060547,28.549999237060547,26.1571102142334,6455840,2022-06-06,28.50999984741211,27.76999988555908,1.0,1.0,28.55,
99,2022-06-07,28.549999237060547,28.700000762939453,28.5,28.549999237060547,26.1571102142334,6037995,2022-06-07,28.57999954223633,27.812499809265137,1.0,0.0,,
100,2022-06-08,28.600000381469727,28.700000762939453,28.549999237060547,28.649999618530273,26.248729705810547,3492853,2022-06-08,28.629999542236327,27.874999809265137,1.0,0.0,,
101,2022-06-09,28.649999618530273,28.950000762939453,28.549999237060547,28.75,26.340349197387695,4889278,2022-06-09,28.659999465942384,27.94749984741211,1.0,0.0,,
102,2022-06-10,28.5,28.899999618530273,28.450000762939453,28.799999237060547,26.386157989501953,4117009,2022-06-10,28.659999465942384,28.037499809265135,1.0,0.0,,
103,2022-06-13,28.25,28.600000381469727,28.100000381469727,28.450000762939453,26.065492630004883,7158609,2022-06-13,28.639999771118163,28.102499866485594,1.0,0.0,,
104,2022-06-14,28.450000762939453,28.799999237060547,28.25,28.799999237060547,26.386157989501953,6356047,2022-06-14,28.689999771118163,28.162499809265135,1.0,0.0,,
105,2022-06-15,28.649999618530273,28.950000762939453,28.649999618530273,28.899999618530273,26.47777557373047,7865848,2022-06-15,28.739999771118164,28.214999771118165,1.0,0.0,,
106,2022-06-16,29.0,29.0,28.700000762939453,28.850000381469727,26.43196678161621,10833872,2022-06-16,28.75999984741211,28.264999771118163,1.0,0.0,,
107,2022-06-17,28.700000762939453,28.950000762939453,28.200000762939453,28.950000762939453,26.52358627319336,16143404,2022-06-17,28.79000015258789,28.309999847412108,1.0,0.0,,
108,2022-06-20,28.450000762939453,28.899999618530273,27.850000381469727,28.200000762939453,25.83644676208496,14118097,2022-06-20,28.74000015258789,28.329999923706055,1.0,0.0,,
109,2022-06-21,28.600000381469727,28.899999618530273,28.25,28.75,26.340349197387695,11363056,2022-06-21,28.730000305175782,28.38749990463257,1.0,0.0,,
110,2022-06-22,28.899999618530273,28.899999618530273,28.399999618530273,28.549999237060547,26.1571102142334,7259609,2022-06-22,28.660000228881835,28.44999990463257,1.0,0.0,,
111,2022-06-23,28.899999618530273,28.899999618530273,28.049999237060547,28.149999618530273,25.79063606262207,9049461,2022-06-23,28.520000076293947,28.494999885559082,1.0,0.0,,
112,2022-06-24,28.600000381469727,28.75,28.25,28.700000762939453,26.294540405273438,6899417,2022-06-24,28.470000076293946,28.562499904632567,0.0,-1.0,,28.7
113,2022-06-27,28.75,28.75,28.299999237060547,28.450000762939453,26.065492630004883,6480068,2022-06-27,28.520000076293947,28.602499961853027,0.0,-1.0,,28.45
114,2022-06-28,28.600000381469727,28.600000381469727,28.049999237060547,28.299999237060547,25.928064346313477,7563598,2022-06-28,28.429999923706056,28.607499885559083,0.0,-1.0,,28.3
115,2022-06-29,28.100000381469727,28.100000381469727,27.549999237060547,27.649999618530273,25.332544326782227,13543799,2022-06-29,28.25,28.56999988555908,0.0,0.0,,
116,2022-06-30,27.600000381469727,27.600000381469727,26.600000381469727,26.700000762939453,24.462167739868164,19975223,2022-06-30,27.960000228881835,28.47499990463257,0.0,0.0,,
117,2022-07-01,26.700000762939453,26.899999618530273,26.149999618530273,26.350000381469727,24.141502380371094,15939136,2022-07-01,27.49000015258789,28.352499961853027,0.0,0.0,,
118,2022-07-04,26.399999618530273,26.75,26.25,26.299999237060547,24.095691680908203,12504770,2022-07-04,27.059999847412108,28.239999961853027,0.0,0.0,,
119,2022-07-05,26.399999618530273,26.549999237060547,25.899999618530273,26.25,24.049882888793945,19561400,2022-07-05,26.65,28.125,0.0,0.0,,
120,2022-07-06,23.700000762939453,23.950000762939453,23.149999618530273,23.399999618530273,23.399999618530273,34971520,2022-07-06,25.8,27.8625,0.0,0.0,,
121,2022-07-07,23.399999618530273,23.799999237060547,23.100000381469727,23.600000381469727,23.600000381469727,10698609,2022-07-07,25.179999923706056,27.605000019073486,0.0,0.0,,
122,2022-07-08,24.0,24.299999237060547,23.899999618530273,24.049999237060547,24.049999237060547,9810792,2022-07-08,24.719999694824217,27.367500019073486,0.0,0.0,,
123,2022-07-11,24.450000762939453,24.850000381469727,24.399999618530273,24.450000762939453,24.450000762939453,10804240,2022-07-11,24.35,27.167500019073486,0.0,0.0,,
124,2022-07-12,24.25,24.399999618530273,23.850000381469727,23.950000762939453,23.950000762939453,11364559,2022-07-12,23.89000015258789,26.92500009536743,0.0,0.0,,
125,2022-07-13,24.299999237060547,24.450000762939453,23.950000762939453,23.950000762939453,23.950000762939453,8261203,2022-07-13,24.000000381469725,26.67750015258789,0.0,0.0,,
126,2022-07-14,24.0,24.5,23.899999618530273,24.299999237060547,24.299999237060547,5579575,2022-07-14,24.14000015258789,26.450000095367432,0.0,0.0,,
127,2022-07-15,24.25,24.450000762939453,24.0,24.450000762939453,24.450000762939453,10423483,2022-07-15,24.22000045776367,26.22500009536743,0.0,0.0,,
128,2022-07-18,24.399999618530273,24.649999618530273,24.200000762939453,24.5,24.5,5998918,2022-07-18,24.230000305175782,26.04000005722046,0.0,0.0,,
129,2022-07-19,24.5,24.75,24.350000381469727,24.649999618530273,24.649999618530273,5553769,2022-07-19,24.370000076293945,25.835000038146973,0.0,0.0,,
130,2022-07-20,24.850000381469727,25.25,24.850000381469727,24.899999618530273,24.899999618530273,6974266,2022-07-20,24.559999847412108,25.652500057220458,0.0,0.0,,
131,2022-07-21,25.25,25.299999237060547,24.799999237060547,25.100000381469727,25.100000381469727,4288510,2022-07-21,24.720000076293946,25.500000095367433,0.0,0.0,,
132,2022-07-22,24.950000762939453,25.200000762939453,24.950000762939453,25.100000381469727,25.100000381469727,3935474,2022-07-22,24.85,25.320000076293944,0.0,0.0,,
133,2022-07-25,25.049999237060547,25.350000381469727,25.0,25.200000762939453,25.200000762939453,3376314,2022-07-25,24.99000015258789,25.157500076293946,0.0,0.0,,
134,2022-07-26,25.200000762939453,25.399999618530273,25.200000762939453,25.399999618530273,25.399999618530273,3842802,2022-07-26,25.14000015258789,25.012500095367432,1.0,1.0,25.4,
135,2022-07-27,25.350000381469727,26.0,25.350000381469727,26.0,26.0,6979556,2022-07-27,25.360000228881837,24.93000011444092,1.0,1.0,26.0,
136,2022-07-28,26.100000381469727,26.350000381469727,25.850000381469727,26.350000381469727,26.350000381469727,6539229,2022-07-28,25.610000228881837,24.91250009536743,1.0,1.0,26.35,
137,2022-07-29,26.450000762939453,26.5,26.149999618530273,26.5,26.5,6950446,2022-07-29,25.89000015258789,24.920000076293945,1.0,0.0,,
138,2022-08-01,26.450000762939453,26.450000762939453,26.100000381469727,26.299999237060547,26.299999237060547,4956218,2022-08-01,26.10999984741211,24.920000076293945,1.0,0.0,,
139,2022-08-02,26.049999237060547,26.399999618530273,25.799999237060547,26.399999618530273,26.399999618530273,8454957,2022-08-02,26.309999847412108,24.92750005722046,1.0,0.0,,
140,2022-08-03,26.299999237060547,26.850000381469727,26.100000381469727,26.850000381469727,26.850000381469727,9167472,2022-08-03,26.479999923706053,25.10000009536743,1.0,0.0,,
141,2022-08-04,26.700000762939453,26.799999237060547,26.549999237060547,26.700000762939453,26.700000762939453,5717444,2022-08-04,26.55,25.255000114440918,1.0,0.0,,
142,2022-08-05,27.0,27.399999618530273,26.75,27.350000381469727,27.350000381469727,12826866,2022-08-05,26.720000076293946,25.42000017166138,1.0,0.0,,
143,2022-08-08,27.350000381469727,27.75,27.149999618530273,27.649999618530273,27.649999618530273,11276497,2022-08-08,26.99000015258789,25.580000114440917,1.0,0.0,,
144,2022-08-09,27.649999618530273,28.0,27.549999237060547,28.0,28.0,13195778,2022-08-09,27.310000228881837,25.782500076293946,1.0,0.0,,
145,2022-08-10,28.0,28.149999618530273,27.850000381469727,28.149999618530273,28.149999618530273,8395052,2022-08-10,27.570000076293944,25.992500019073486,1.0,0.0,,
146,2022-08-11,28.200000762939453,28.399999618530273,27.850000381469727,28.399999618530273,28.399999618530273,14343499,2022-08-11,27.90999984741211,26.197500038146973,1.0,0.0,,
147,2022-08-12,28.5,28.649999618530273,28.350000381469727,28.649999618530273,28.649999618530273,8994609,2022-08-12,28.16999969482422,26.407499980926513,1.0,0.0,,
148,2022-08-15,28.649999618530273,28.649999618530273,27.799999237060547,27.899999618530273,27.899999618530273,11809565,2022-08-15,28.219999694824217,26.57749996185303,1.0,0.0,,
149,2022-08-16,27.899999618530273,28.200000762939453,27.799999237060547,28.200000762939453,28.200000762939453,9300390,2022-08-16,28.25999984741211,26.755000019073485,1.0,0.0,,
150,2022-08-17,28.200000762939453,28.350000381469727,28.049999237060547,28.350000381469727,28.350000381469727,6594937,2022-08-17,28.3,26.92750005722046,1.0,0.0,,
151,2022-08-18,28.25,28.350000381469727,28.049999237060547,28.350000381469727,28.350000381469727,5007836,2022-08-18,28.29000015258789,27.090000057220458,1.0,0.0,,
152,2022-08-19,28.299999237060547,28.5,28.100000381469727,28.5,28.5,6449209,2022-08-19,28.260000228881836,27.260000038146973,1.0,0.0,,
153,2022-08-22,28.100000381469727,28.399999618530273,28.100000381469727,28.350000381469727,28.350000381469727,4423000,2022-08-22,28.350000381469727,27.417500019073486,1.0,0.0,,
154,2022-08-23,28.049999237060547,28.299999237060547,27.899999618530273,28.149999618530273,28.149999618530273,7021667,2022-08-23,28.34000015258789,27.555000019073486,1.0,0.0,,
155,2022-08-24,28.149999618530273,28.149999618530273,27.799999237060547,27.850000381469727,27.850000381469727,6395596,2022-08-24,28.24000015258789,27.647500038146973,1.0,0.0,,
156,2022-08-25,27.899999618530273,28.200000762939453,27.799999237060547,27.950000762939453,27.950000762939453,4122567,2022-08-25,28.160000228881835,27.72750005722046,1.0,0.0,,
157,2022-08-26,28.049999237060547,28.149999618530273,27.950000762939453,28.049999237060547,28.049999237060547,6310375,2022-08-26,28.070000076293944,27.805000019073486,1.0,0.0,,
158,2022-08-29,27.600000381469727,27.649999618530273,27.299999237060547,27.350000381469727,27.350000381469727,10497116,2022-08-29,27.870000076293945,27.857500076293945,1.0,0.0,,
159,2022-08-30,27.350000381469727,27.700000762939453,27.299999237060547,27.5,27.5,10994401,2022-08-30,27.74000015258789,27.91250009536743,0.0,-1.0,,27.5
160,2022-08-31,27.600000381469727,27.75,27.549999237060547,27.700000762939453,27.700000762939453,6316766,2022-08-31,27.710000228881835,27.955000114440917,0.0,-1.0,,27.7
161,2022-09-01,27.5,27.75,27.299999237060547,27.450000762939453,27.450000762939453,6724795,2022-09-01,27.610000228881837,27.99250011444092,0.0,-1.0,,27.45
162,2022-09-02,27.350000381469727,27.700000762939453,27.299999237060547,27.299999237060547,27.299999237060547,5504500,2022-09-02,27.460000228881835,27.99000005722046,0.0,0.0,,
163,2022-09-05,27.299999237060547,27.450000762939453,26.950000762939453,27.149999618530273,27.149999618530273,9477485,2022-09-05,27.420000076293945,27.965000057220458,0.0,0.0,,
164,2022-09-06,27.399999618530273,27.399999618530273,26.850000381469727,26.950000762939453,26.950000762939453,8544616,2022-09-06,27.310000228881837,27.91250009536743,0.0,0.0,,
165,2022-09-07,26.899999618530273,27.049999237060547,26.649999618530273,26.75,26.75,6724220,2022-09-07,27.120000076293945,27.842500114440917,0.0,0.0,,
166,2022-09-08,26.75,27.350000381469727,26.5,27.200000762939453,27.200000762939453,11698262,2022-09-08,27.070000076293944,27.782500171661376,0.0,0.0,,
167,2022-09-12,27.600000381469727,27.75,27.200000762939453,27.399999618530273,27.399999618530273,6359247,2022-09-12,27.09000015258789,27.720000171661376,0.0,0.0,,
168,2022-09-13,27.450000762939453,27.75,27.399999618530273,27.649999618530273,27.649999618530273,8500024,2022-09-13,27.190000152587892,27.707500171661376,0.0,0.0,,
169,2022-09-14,27.100000381469727,27.649999618530273,27.100000381469727,27.399999618530273,27.399999618530273,9145045,2022-09-14,27.279999923706054,27.66750011444092,0.0,0.0,,
170,2022-09-15,27.200000762939453,27.700000762939453,27.200000762939453,27.350000381469727,27.350000381469727,10172494,2022-09-15,27.4,27.61750011444092,0.0,0.0,,
171,2022-09-16,27.399999618530273,27.450000762939453,26.950000762939453,27.350000381469727,27.350000381469727,22306588,2022-09-16,27.429999923706056,27.567500114440918,0.0,0.0,,
172,2022-09-19,27.350000381469727,27.549999237060547,27.049999237060547,27.549999237060547,27.549999237060547,15187546,2022-09-19,27.45999984741211,27.520000076293947,0.0,0.0,,
173,2022-09-20,27.549999237060547,27.799999237060547,27.299999237060547,27.799999237060547,27.799999237060547,20760233,2022-09-20,27.489999771118164,27.492500019073486,0.0,0.0,,
174,2022-09-21,27.799999237060547,27.799999237060547,27.350000381469727,27.399999618530273,27.399999618530273,15998057,2022-09-21,27.489999771118164,27.455000019073488,1.0,1.0,27.4,
175,2022-09-22,27.299999237060547,27.5,27.149999618530273,27.25,27.25,15367008,2022-09-22,27.469999694824217,27.425,1.0,1.0,27.25,
176,2022-09-23,27.200000762939453,27.399999618530273,27.200000762939453,27.25,27.25,4410675,2022-09-23,27.449999618530274,27.38999996185303,1.0,1.0,27.25,
177,2022-09-26,27.149999618530273,27.149999618530273,26.700000762939453,26.950000762939453,26.950000762939453,8573632,2022-09-26,27.329999923706055,27.335000038146973,0.0,-1.0,,26.95
178,2022-09-27,26.850000381469727,27.049999237060547,26.799999237060547,26.850000381469727,26.850000381469727,5624565,2022-09-27,27.14000015258789,27.310000038146974,0.0,-1.0,,26.85
179,2022-09-28,26.850000381469727,27.049999237060547,26.700000762939453,26.850000381469727,26.850000381469727,9001537,2022-09-28,27.030000305175783,27.277500057220458,0.0,-1.0,,26.85
180,2022-09-29,26.950000762939453,27.5,26.799999237060547,27.350000381469727,27.350000381469727,14935946,2022-09-29,27.050000381469726,27.260000038146973,0.0,0.0,,
181,2022-09-30,27.200000762939453,27.200000762939453,26.549999237060547,26.549999237060547,26.549999237060547,10914852,2022-09-30,26.910000228881835,27.214999961853028,0.0,0.0,,
182,2022-10-03,26.5,26.75,26.200000762939453,26.75,26.75,7447441,2022-10-03,26.870000076293945,27.1875,0.0,0.0,,
183,2022-10-04,27.0,27.399999618530273,26.799999237060547,27.100000381469727,27.100000381469727,11288147,2022-10-04,26.920000076293945,27.185000038146974,0.0,0.0,,
184,2022-10-05,27.149999618530273,27.399999618530273,27.049999237060547,27.100000381469727,27.100000381469727,8611059,2022-10-05,26.970000076293946,27.192500019073485,0.0,0.0,,
185,2022-10-06,27.200000762939453,27.299999237060547,27.0,27.0,27.0,4067076,2022-10-06,26.9,27.205000019073488,0.0,0.0,,
186,2022-10-07,27.0,27.100000381469727,26.799999237060547,26.799999237060547,26.799999237060547,4324114,2022-10-07,26.95,27.18499994277954,0.0,0.0,,
187,2022-10-11,26.649999618530273,26.75,26.299999237060547,26.299999237060547,26.299999237060547,11912152,2022-10-11,26.85999984741211,27.129999923706055,0.0,0.0,,
188,2022-10-12,26.350000381469727,26.600000381469727,26.200000762939453,26.5,26.5,7952701,2022-10-12,26.739999771118164,27.07249994277954,0.0,0.0,,
189,2022-10-13,26.399999618530273,26.700000762939453,26.350000381469727,26.5,26.5,6074153,2022-10-13,26.61999969482422,27.027499961853028,0.0,0.0,,
190,2022-10-14,26.600000381469727,26.649999618530273,26.399999618530273,26.549999237060547,26.549999237060547,6299990,2022-10-14,26.52999954223633,26.987499904632568,0.0,0.0,,
191,2022-10-17,26.350000381469727,26.700000762939453,26.200000762939453,26.600000381469727,26.600000381469727,9421503,2022-10-17,26.489999771118164,26.94999990463257,0.0,0.0,,
192,2022-10-18,26.700000762939453,26.700000762939453,26.100000381469727,26.200000762939453,26.200000762939453,9631137,2022-10-18,26.470000076293946,26.882499980926514,0.0,0.0,,
193,2022-10-19,26.200000762939453,26.5,26.149999618530273,26.200000762939453,26.200000762939453,8147742,2022-10-19,26.410000228881835,26.80250005722046,0.0,0.0,,
194,2022-10-20,25.950000762939453,26.899999618530273,25.600000381469727,26.350000381469727,26.350000381469727,24639735,2022-10-20,26.38000030517578,26.750000095367433,0.0,0.0,,
195,2022-10-21,26.299999237060547,26.299999237060547,26.0,26.100000381469727,26.100000381469727,3739063,2022-10-21,26.29000053405762,26.692500114440918,0.0,0.0,,
196,2022-10-24,26.25,26.399999618530273,26.049999237060547,26.149999618530273,26.149999618530273,3588423,2022-10-24,26.200000381469728,26.637500095367432,0.0,0.0,,
197,2022-10-25,26.200000762939453,26.450000762939453,25.899999618530273,25.950000762939453,25.950000762939453,6100249,2022-10-25,26.150000381469727,26.58750009536743,0.0,0.0,,
198,2022-10-26,25.950000762939453,26.049999237060547,25.799999237060547,25.850000381469727,25.850000381469727,3276544,2022-10-26,26.08000030517578,26.53750009536743,0.0,0.0,,
199,2022-10-27,25.799999237060547,26.149999618530273,25.799999237060547,26.0,26.0,4414547,2022-10-27,26.010000228881836,26.495000076293945,0.0,0.0,,
200,2022-10-28,26.049999237060547,26.049999237060547,25.700000762939453,25.799999237060547,25.799999237060547,4405913,2022-10-28,25.95,26.417500019073486,0.0,0.0,,
201,2022-10-31,25.899999618530273,26.149999618530273,25.850000381469727,26.049999237060547,26.049999237060547,3776109,2022-10-31,25.929999923706056,26.392500019073488,0.0,0.0,,
202,2022-11-01,26.049999237060547,26.350000381469727,25.850000381469727,26.200000762939453,26.200000762939453,3830014,2022-11-01,25.979999923706053,26.36500005722046,0.0,0.0,,
203,2022-11-02,26.200000762939453,26.25,25.899999618530273,25.950000762939453,25.950000762939453,5433850,2022-11-02,26.0,26.307500076293945,0.0,0.0,,
204,2022-11-03,25.850000381469727,26.0,25.799999237060547,25.799999237060547,25.799999237060547,4904365,2022-11-03,25.95999984741211,26.242500019073486,0.0,0.0,,
205,2022-11-04,25.700000762939453,25.799999237060547,25.200000762939453,25.350000381469727,25.350000381469727,18049547,2022-11-04,25.870000076293945,26.160000038146972,0.0,0.0,,
206,2022-11-07,25.899999618530273,27.799999237060547,25.899999618530273,26.799999237060547,26.799999237060547,21801921,2022-11-07,26.020000076293947,26.160000038146972,0.0,0.0,,
207,2022-11-08,26.950000762939453,27.350000381469727,26.850000381469727,27.25,27.25,16166738,2022-11-08,26.229999923706053,26.207500076293947,1.0,1.0,27.25,
208,2022-11-09,27.25,27.350000381469727,27.049999237060547,27.350000381469727,27.350000381469727,12681031,2022-11-09,26.50999984741211,26.250000095367433,1.0,1.0,27.35,
209,2022-11-10,27.049999237060547,27.299999237060547,27.0,27.200000762939453,27.200000762939453,5210008,2022-11-10,26.79000015258789,26.285000133514405,1.0,1.0,27.2,
210,2022-11-11,27.5,27.549999237060547,27.149999618530273,27.5,27.5,16726741,2022-11-11,27.220000076293946,26.332500171661376,1.0,0.0,,
211,2022-11-14,27.549999237060547,27.700000762939453,27.399999618530273,27.5,27.5,12472022,2022-11-14,27.360000228881837,26.377500152587892,1.0,0.0,,
212,2022-11-15,27.5,27.649999618530273,27.25,27.549999237060547,27.549999237060547,11844667,2022-11-15,27.420000076293945,26.445000076293944,1.0,0.0,,
213,2022-11-16,27.450000762939453,27.700000762939453,27.299999237060547,27.700000762939453,27.700000762939453,11863793,2022-11-16,27.49000015258789,26.520000076293947,1.0,0.0,,
214,2022-11-17,27.649999618530273,27.950000762939453,27.450000762939453,27.950000762939453,27.950000762939453,11146469,2022-11-17,27.64000015258789,26.60000009536743,1.0,0.0,,
215,2022-11-18,27.899999618530273,27.899999618530273,27.549999237060547,27.649999618530273,27.649999618530273,5457734,2022-11-18,27.670000076293945,26.67750005722046,1.0,0.0,,
216,2022-11-21,27.649999618530273,27.649999618530273,27.149999618530273,27.350000381469727,27.350000381469727,4837050,2022-11-21,27.64000015258789,26.73750009536743,1.0,0.0,,
217,2022-11-22,27.399999618530273,27.450000762939453,27.149999618530273,27.399999618530273,27.399999618530273,4126430,2022-11-22,27.610000228881837,26.810000038146974,1.0,0.0,,
218,2022-11-23,27.399999618530273,27.5,27.200000762939453,27.5,27.5,5147553,2022-11-23,27.570000076293944,26.892500019073488,1.0,0.0,,
219,2022-11-24,27.649999618530273,27.649999618530273,27.25,27.350000381469727,27.350000381469727,5723678,2022-11-24,27.45,26.960000038146973,1.0,0.0,,
220,2022-11-25,27.350000381469727,27.399999618530273,27.200000762939453,27.25,27.25,4157574,2022-11-25,27.370000076293945,27.032500076293946,1.0,0.0,,
221,2022-11-28,27.049999237060547,27.200000762939453,27.049999237060547,27.100000381469727,27.100000381469727,3636838,2022-11-28,27.320000076293944,27.085000133514406,1.0,0.0,,
222,2022-11-29,27.450000762939453,27.700000762939453,27.100000381469727,27.649999618530273,27.649999618530273,8611342,2022-11-29,27.370000076293945,27.157500076293946,1.0,0.0,,
223,2022-11-30,27.700000762939453,27.700000762939453,27.350000381469727,27.649999618530273,27.649999618530273,8220203,2022-11-30,27.4,27.242500019073486,1.0,0.0,,
224,2022-12-01,27.899999618530273,27.899999618530273,27.450000762939453,27.5,27.5,10145768,2022-12-01,27.429999923706056,27.32750005722046,1.0,0.0,,
225,2022-12-02,27.5,27.649999618530273,27.450000762939453,27.600000381469727,27.600000381469727,7436569,2022-12-02,27.5,27.44000005722046,1.0,0.0,,
226,2022-12-05,27.549999237060547,27.649999618530273,27.25,27.350000381469727,27.350000381469727,13051259,2022-12-05,27.55,27.467500114440917,1.0,0.0,,
227,2022-12-06,27.350000381469727,27.600000381469727,27.200000762939453,27.5,27.5,8894063,2022-12-06,27.520000076293947,27.48000011444092,1.0,0.0,,
228,2022-12-07,27.399999618530273,27.399999618530273,27.100000381469727,27.299999237060547,27.299999237060547,8090122,2022-12-07,27.45,27.47750005722046,0.0,-1.0,,27.3
229,2022-12-08,27.399999618530273,27.799999237060547,27.25,27.799999237060547,27.799999237060547,12450914,2022-12-08,27.50999984741211,27.507499980926514,1.0,0.0,,
230,2022-12-09,28.100000381469727,28.5,28.049999237060547,28.399999618530273,28.399999618530273,19018958,2022-12-09,27.66999969482422,27.552499961853027,1.0,0.0,,
231,2022-12-12,28.399999618530273,28.5,28.0,28.5,28.5,9623383,2022-12-12,27.899999618530273,27.602499961853027,1.0,1.0,28.5,
232,2022-12-13,28.549999237060547,29.0,28.549999237060547,28.899999618530273,28.899999618530273,21549083,2022-12-13,28.179999542236327,27.669999980926512,1.0,0.0,,
233,2022-12-14,29.0,29.149999618530273,28.700000762939453,29.149999618530273,29.149999618530273,17461965,2022-12-14,28.549999618530272,27.742499923706056,1.0,0.0,,
234,2022-12-15,29.100000381469727,29.299999237060547,29.049999237060547,29.299999237060547,29.299999237060547,12035300,2022-12-15,28.849999618530273,27.809999847412108,1.0,0.0,,
235,2022-12-16,28.799999237060547,30.0,28.799999237060547,30.0,30.0,46684167,2022-12-16,29.16999969482422,27.927499866485597,1.0,0.0,,
236,2022-12-19,29.799999237060547,30.5,29.399999618530273,30.5,30.5,45731549,2022-12-19,29.56999969482422,28.08499984741211,1.0,0.0,,
237,2022-12-20,30.450000762939453,30.600000381469727,29.850000381469727,30.100000381469727,30.100000381469727,37703635,2022-12-20,29.809999847412108,28.219999885559083,1.0,0.0,,
238,2022-12-21,30.100000381469727,30.350000381469727,29.850000381469727,30.049999237060547,30.049999237060547,25897676,2022-12-21,29.989999771118164,28.34749984741211,1.0,0.0,,
239,2022-12-22,30.100000381469727,30.299999237060547,29.950000762939453,30.149999618530273,30.149999618530273,23429394,2022-12-22,30.15999984741211,28.487499809265138,1.0,0.0,,
240,2022-12-23,30.0,30.100000381469727,29.5,29.899999618530273,29.899999618530273,12223762,2022-12-23,30.139999771118163,28.61999979019165,1.0,0.0,,
241,2022-12-26,29.950000762939453,30.0,29.5,29.649999618530273,29.649999618530273,5660384,2022-12-26,29.969999694824217,28.74749975204468,1.0,0.0,,
242,2022-12-27,29.649999618530273,29.799999237060547,29.5,29.700000762939453,29.700000762939453,3155705,2022-12-27,29.889999771118163,28.849999809265135,1.0,0.0,,
243,2022-12-28,29.5,29.549999237060547,29.100000381469727,29.299999237060547,29.299999237060547,7614121,2022-12-28,29.739999771118164,28.93249979019165,1.0,0.0,,
244,2022-12-29,29.049999237060547,29.5,28.799999237060547,29.450000762939453,29.450000762939453,7820441,2022-12-29,29.6,29.029999828338624,1.0,0.0,,
245,2022-12-30,29.399999618530273,29.600000381469727,29.200000762939453,29.399999618530273,29.399999618530273,6092598,2022-12-30,29.5,29.11999979019165,1.0,-1.0,,29.4
